

INSERT INTO AUTH_USER_STATUS(ID,USERNAME,PASSWORD,STATUS,REFERENCE,GLOBAL_ID,LOCAL_ID) VALUES(1,'lingo','1',1,1,1,1);
INSERT INTO AUTH_USER_STATUS(ID,USERNAME,PASSWORD,STATUS,REFERENCE,GLOBAL_ID,LOCAL_ID) VALUES(2,'vivian','1',1,2,1,1);
INSERT INTO AUTH_USER_STATUS(ID,USERNAME,PASSWORD,STATUS,REFERENCE,GLOBAL_ID,LOCAL_ID) VALUES(3,'steven','1',1,3,1,1);
INSERT INTO AUTH_USER_STATUS(ID,USERNAME,PASSWORD,STATUS,REFERENCE,GLOBAL_ID,LOCAL_ID) VALUES(4,'king','1',1,4,1,1);
INSERT INTO AUTH_USER_STATUS(ID,USERNAME,PASSWORD,STATUS,REFERENCE,GLOBAL_ID,LOCAL_ID) VALUES(5,'john','1',1,5,1,1);
INSERT INTO AUTH_USER_STATUS(ID,USERNAME,PASSWORD,STATUS,REFERENCE,GLOBAL_ID,LOCAL_ID) VALUES(6,'william','1',1,6,1,1);
INSERT INTO AUTH_USER_STATUS(ID,USERNAME,PASSWORD,STATUS,REFERENCE,GLOBAL_ID,LOCAL_ID) VALUES(7,'adam','1',1,7,1,1);


INSERT INTO AUTH_ROLE_DEF(ID,NAME,GLOBAL_ID,LOCAL_ID) VALUES(1,'超级管理员',1,1);
INSERT INTO AUTH_ROLE_DEF(ID,NAME,GLOBAL_ID,LOCAL_ID) VALUES(2,'系统管理员',1,1);
INSERT INTO AUTH_ROLE_DEF(ID,NAME,GLOBAL_ID,LOCAL_ID) VALUES(3,'test',1,2);


INSERT INTO AUTH_ROLE(ID,NAME,GLOBAL_ID,LOCAL_ID,ROLE_DEF_ID) VALUES(1,'超级管理员',1,1,1);
INSERT INTO AUTH_ROLE(ID,NAME,GLOBAL_ID,LOCAL_ID,ROLE_DEF_ID) VALUES(2,'系统管理员',1,1,2);
INSERT INTO AUTH_ROLE(ID,NAME,GLOBAL_ID,LOCAL_ID,ROLE_DEF_ID) VALUES(3,'test',1,1,3);
INSERT INTO AUTH_ROLE(ID,NAME,GLOBAL_ID,LOCAL_ID,ROLE_DEF_ID) VALUES(4,'test',1,2,3);


INSERT INTO AUTH_RESC(ID,NAME,GLOBAL_ID,LOCAL_ID) VALUES(1,'*',1,1);
INSERT INTO AUTH_RESC(ID,NAME,GLOBAL_ID,LOCAL_ID) VALUES(2,'IS_GUEST',1,1);
INSERT INTO AUTH_RESC(ID,NAME,GLOBAL_ID,LOCAL_ID) VALUES(3,'IS_USER',1,1);
INSERT INTO AUTH_RESC(ID,NAME,GLOBAL_ID,LOCAL_ID) VALUES(4,'IS_LOGINED',1,1);
INSERT INTO AUTH_RESC(ID,NAME,GLOBAL_ID,LOCAL_ID) VALUES(5,'IS_SWITCHED',1,1);
INSERT INTO AUTH_RESC(ID,NAME,GLOBAL_ID,LOCAL_ID) VALUES(6,'IS_REMEMBERED',1,1);
INSERT INTO AUTH_RESC(ID,NAME,GLOBAL_ID,LOCAL_ID) VALUES(7,'util',1,1);
INSERT INTO AUTH_RESC(ID,NAME,GLOBAL_ID,LOCAL_ID) VALUES(11,'userstatus',1,1);
INSERT INTO AUTH_RESC(ID,NAME,GLOBAL_ID,LOCAL_ID) VALUES(12,'role',1,1);
INSERT INTO AUTH_RESC(ID,NAME,GLOBAL_ID,LOCAL_ID) VALUES(13,'perm',1,1);
INSERT INTO AUTH_RESC(ID,NAME,GLOBAL_ID,LOCAL_ID) VALUES(14,'resc',1,1);
INSERT INTO AUTH_RESC(ID,NAME,GLOBAL_ID,LOCAL_ID) VALUES(15,'oper',1,1);
INSERT INTO AUTH_RESC(ID,NAME,GLOBAL_ID,LOCAL_ID) VALUES(16,'userrepo',1,1);
INSERT INTO AUTH_RESC(ID,NAME,GLOBAL_ID,LOCAL_ID) VALUES(17,'access',1,1);
INSERT INTO AUTH_RESC(ID,NAME,GLOBAL_ID,LOCAL_ID) VALUES(18,'app',1,1);
INSERT INTO AUTH_RESC(ID,NAME,GLOBAL_ID,LOCAL_ID) VALUES(19,'region',1,1);
INSERT INTO AUTH_RESC(ID,NAME,GLOBAL_ID,LOCAL_ID) VALUES(20,'regiontype',1,1);
INSERT INTO AUTH_RESC(ID,NAME,GLOBAL_ID,LOCAL_ID) VALUES(21,'regionrole',1,1);


INSERT INTO AUTH_OPER(ID,NAME,MASK,CODE,GLOBAL_ID,LOCAL_ID) VALUES(1,'read',1,'R',1,1);
INSERT INTO AUTH_OPER(ID,NAME,MASK,CODE,GLOBAL_ID,LOCAL_ID) VALUES(2,'write',2,'W',1,1);
INSERT INTO AUTH_OPER(ID,NAME,MASK,CODE,GLOBAL_ID,LOCAL_ID) VALUES(3,'create',4,'C',1,1);
INSERT INTO AUTH_OPER(ID,NAME,MASK,CODE,GLOBAL_ID,LOCAL_ID) VALUES(4,'delete',8,'D',1,1);
INSERT INTO AUTH_OPER(ID,NAME,MASK,CODE,GLOBAL_ID,LOCAL_ID) VALUES(5,'auth',16,'A',1,1);


INSERT INTO AUTH_PERM(ID,NAME,RESC_ID,OPER_ID,GLOBAL_ID,LOCAL_ID) VALUES(1,'*',1,NULL,1,1);
INSERT INTO AUTH_PERM(ID,NAME,RESC_ID,OPER_ID,GLOBAL_ID,LOCAL_ID) VALUES(2,'IS_GUEST',2,NULL,1,1);
INSERT INTO AUTH_PERM(ID,NAME,RESC_ID,OPER_ID,GLOBAL_ID,LOCAL_ID) VALUES(3,'IS_USER',3,NULL,1,1);
INSERT INTO AUTH_PERM(ID,NAME,RESC_ID,OPER_ID,GLOBAL_ID,LOCAL_ID) VALUES(4,'IS_LOGINED',4,NULL,1,1);
INSERT INTO AUTH_PERM(ID,NAME,RESC_ID,OPER_ID,GLOBAL_ID,LOCAL_ID) VALUES(5,'IS_SWITCHED',5,NULL,1,1);
INSERT INTO AUTH_PERM(ID,NAME,RESC_ID,OPER_ID,GLOBAL_ID,LOCAL_ID) VALUES(6,'IS_REMEMBERED',6,NULL,1,1);
INSERT INTO AUTH_PERM(ID,NAME,RESC_ID,OPER_ID,GLOBAL_ID,LOCAL_ID) VALUES(7,'util',7,NULL,1,1);
INSERT INTO AUTH_PERM(ID,NAME,RESC_ID,OPER_ID,GLOBAL_ID,LOCAL_ID) VALUES(8,'*:read',1,1,1,1);
INSERT INTO AUTH_PERM(ID,NAME,RESC_ID,OPER_ID,GLOBAL_ID,LOCAL_ID) VALUES(11,'userstatus',11,NULL,1,1);
INSERT INTO AUTH_PERM(ID,NAME,RESC_ID,OPER_ID,GLOBAL_ID,LOCAL_ID) VALUES(12,'userstatus:read',11,1,1,1);
INSERT INTO AUTH_PERM(ID,NAME,RESC_ID,OPER_ID,GLOBAL_ID,LOCAL_ID) VALUES(13,'userstatus:write',11,2,1,1);
INSERT INTO AUTH_PERM(ID,NAME,RESC_ID,OPER_ID,GLOBAL_ID,LOCAL_ID) VALUES(14,'userstatus:create',11,3,1,1);
INSERT INTO AUTH_PERM(ID,NAME,RESC_ID,OPER_ID,GLOBAL_ID,LOCAL_ID) VALUES(15,'userstatus:delete',11,4,1,1);
INSERT INTO AUTH_PERM(ID,NAME,RESC_ID,OPER_ID,GLOBAL_ID,LOCAL_ID) VALUES(16,'userstatus:auth',11,5,1,1);
INSERT INTO AUTH_PERM(ID,NAME,RESC_ID,OPER_ID,GLOBAL_ID,LOCAL_ID) VALUES(17,'role',12,NULL,1,1);
INSERT INTO AUTH_PERM(ID,NAME,RESC_ID,OPER_ID,GLOBAL_ID,LOCAL_ID) VALUES(18,'role:read',12,1,1,1);
INSERT INTO AUTH_PERM(ID,NAME,RESC_ID,OPER_ID,GLOBAL_ID,LOCAL_ID) VALUES(19,'role:write',12,2,1,1);
INSERT INTO AUTH_PERM(ID,NAME,RESC_ID,OPER_ID,GLOBAL_ID,LOCAL_ID) VALUES(20,'role:create',12,3,1,1);
INSERT INTO AUTH_PERM(ID,NAME,RESC_ID,OPER_ID,GLOBAL_ID,LOCAL_ID) VALUES(21,'role:delete',12,4,1,1);
INSERT INTO AUTH_PERM(ID,NAME,RESC_ID,OPER_ID,GLOBAL_ID,LOCAL_ID) VALUES(22,'role:auth',12,5,1,1);
INSERT INTO AUTH_PERM(ID,NAME,RESC_ID,OPER_ID,GLOBAL_ID,LOCAL_ID) VALUES(23,'perm',13,NULL,1,1);
INSERT INTO AUTH_PERM(ID,NAME,RESC_ID,OPER_ID,GLOBAL_ID,LOCAL_ID) VALUES(24,'perm:read',13,1,1,1);
INSERT INTO AUTH_PERM(ID,NAME,RESC_ID,OPER_ID,GLOBAL_ID,LOCAL_ID) VALUES(25,'perm:write',13,2,1,1);
INSERT INTO AUTH_PERM(ID,NAME,RESC_ID,OPER_ID,GLOBAL_ID,LOCAL_ID) VALUES(26,'perm:create',13,3,1,1);
INSERT INTO AUTH_PERM(ID,NAME,RESC_ID,OPER_ID,GLOBAL_ID,LOCAL_ID) VALUES(27,'perm:delete',13,4,1,1);
INSERT INTO AUTH_PERM(ID,NAME,RESC_ID,OPER_ID,GLOBAL_ID,LOCAL_ID) VALUES(28,'resc',14,NULL,1,1);
INSERT INTO AUTH_PERM(ID,NAME,RESC_ID,OPER_ID,GLOBAL_ID,LOCAL_ID) VALUES(29,'resc:read',14,1,1,1);
INSERT INTO AUTH_PERM(ID,NAME,RESC_ID,OPER_ID,GLOBAL_ID,LOCAL_ID) VALUES(30,'resc:write',14,2,1,1);
INSERT INTO AUTH_PERM(ID,NAME,RESC_ID,OPER_ID,GLOBAL_ID,LOCAL_ID) VALUES(31,'resc:create',14,3,1,1);
INSERT INTO AUTH_PERM(ID,NAME,RESC_ID,OPER_ID,GLOBAL_ID,LOCAL_ID) VALUES(32,'resc:delete',14,4,1,1);
INSERT INTO AUTH_PERM(ID,NAME,RESC_ID,OPER_ID,GLOBAL_ID,LOCAL_ID) VALUES(33,'oper',15,NULL,1,1);
INSERT INTO AUTH_PERM(ID,NAME,RESC_ID,OPER_ID,GLOBAL_ID,LOCAL_ID) VALUES(34,'oper:read',15,1,1,1);
INSERT INTO AUTH_PERM(ID,NAME,RESC_ID,OPER_ID,GLOBAL_ID,LOCAL_ID) VALUES(35,'oper:write',15,2,1,1);
INSERT INTO AUTH_PERM(ID,NAME,RESC_ID,OPER_ID,GLOBAL_ID,LOCAL_ID) VALUES(36,'oper:create',15,3,1,1);
INSERT INTO AUTH_PERM(ID,NAME,RESC_ID,OPER_ID,GLOBAL_ID,LOCAL_ID) VALUES(37,'oper:delete',15,4,1,1);
INSERT INTO AUTH_PERM(ID,NAME,RESC_ID,OPER_ID,GLOBAL_ID,LOCAL_ID) VALUES(38,'userrepo',16,NULL,1,1);
INSERT INTO AUTH_PERM(ID,NAME,RESC_ID,OPER_ID,GLOBAL_ID,LOCAL_ID) VALUES(39,'userrepo:read',16,1,1,1);
INSERT INTO AUTH_PERM(ID,NAME,RESC_ID,OPER_ID,GLOBAL_ID,LOCAL_ID) VALUES(40,'userrepo:write',16,2,1,1);
INSERT INTO AUTH_PERM(ID,NAME,RESC_ID,OPER_ID,GLOBAL_ID,LOCAL_ID) VALUES(41,'userrepo:create',16,3,1,1);
INSERT INTO AUTH_PERM(ID,NAME,RESC_ID,OPER_ID,GLOBAL_ID,LOCAL_ID) VALUES(42,'userrepo:delete',16,4,1,1);
INSERT INTO AUTH_PERM(ID,NAME,RESC_ID,OPER_ID,GLOBAL_ID,LOCAL_ID) VALUES(43,'access',17,NULL,1,1);
INSERT INTO AUTH_PERM(ID,NAME,RESC_ID,OPER_ID,GLOBAL_ID,LOCAL_ID) VALUES(44,'access:read',17,1,1,1);
INSERT INTO AUTH_PERM(ID,NAME,RESC_ID,OPER_ID,GLOBAL_ID,LOCAL_ID) VALUES(45,'access:write',17,2,1,1);
INSERT INTO AUTH_PERM(ID,NAME,RESC_ID,OPER_ID,GLOBAL_ID,LOCAL_ID) VALUES(46,'access:create',17,3,1,1);
INSERT INTO AUTH_PERM(ID,NAME,RESC_ID,OPER_ID,GLOBAL_ID,LOCAL_ID) VALUES(47,'access:delete',17,4,1,1);
INSERT INTO AUTH_PERM(ID,NAME,RESC_ID,OPER_ID,GLOBAL_ID,LOCAL_ID) VALUES(48,'app',18,NULL,1,1);
INSERT INTO AUTH_PERM(ID,NAME,RESC_ID,OPER_ID,GLOBAL_ID,LOCAL_ID) VALUES(49,'app:read',18,1,1,1);
INSERT INTO AUTH_PERM(ID,NAME,RESC_ID,OPER_ID,GLOBAL_ID,LOCAL_ID) VALUES(50,'app:write',18,2,1,1);
INSERT INTO AUTH_PERM(ID,NAME,RESC_ID,OPER_ID,GLOBAL_ID,LOCAL_ID) VALUES(51,'app:create',18,3,1,1);
INSERT INTO AUTH_PERM(ID,NAME,RESC_ID,OPER_ID,GLOBAL_ID,LOCAL_ID) VALUES(52,'app:delete',18,4,1,1);
INSERT INTO AUTH_PERM(ID,NAME,RESC_ID,OPER_ID,GLOBAL_ID,LOCAL_ID) VALUES(53,'region',19,NULL,1,1);
INSERT INTO AUTH_PERM(ID,NAME,RESC_ID,OPER_ID,GLOBAL_ID,LOCAL_ID) VALUES(54,'region:read',19,1,1,1);
INSERT INTO AUTH_PERM(ID,NAME,RESC_ID,OPER_ID,GLOBAL_ID,LOCAL_ID) VALUES(55,'region:write',19,2,1,1);
INSERT INTO AUTH_PERM(ID,NAME,RESC_ID,OPER_ID,GLOBAL_ID,LOCAL_ID) VALUES(56,'region:create',19,3,1,1);
INSERT INTO AUTH_PERM(ID,NAME,RESC_ID,OPER_ID,GLOBAL_ID,LOCAL_ID) VALUES(57,'region:delete',19,4,1,1);
INSERT INTO AUTH_PERM(ID,NAME,RESC_ID,OPER_ID,GLOBAL_ID,LOCAL_ID) VALUES(58,'regiontype',20,NULL,1,1);
INSERT INTO AUTH_PERM(ID,NAME,RESC_ID,OPER_ID,GLOBAL_ID,LOCAL_ID) VALUES(59,'regiontype:read',20,1,1,1);
INSERT INTO AUTH_PERM(ID,NAME,RESC_ID,OPER_ID,GLOBAL_ID,LOCAL_ID) VALUES(60,'regiontype:write',20,2,1,1);
INSERT INTO AUTH_PERM(ID,NAME,RESC_ID,OPER_ID,GLOBAL_ID,LOCAL_ID) VALUES(61,'regiontype:create',20,3,1,1);
INSERT INTO AUTH_PERM(ID,NAME,RESC_ID,OPER_ID,GLOBAL_ID,LOCAL_ID) VALUES(62,'regiontype:delete',20,4,1,1);
INSERT INTO AUTH_PERM(ID,NAME,RESC_ID,OPER_ID,GLOBAL_ID,LOCAL_ID) VALUES(63,'regionrole',21,NULL,1,1);
INSERT INTO AUTH_PERM(ID,NAME,RESC_ID,OPER_ID,GLOBAL_ID,LOCAL_ID) VALUES(64,'regionrole:read',21,1,1,1);
INSERT INTO AUTH_PERM(ID,NAME,RESC_ID,OPER_ID,GLOBAL_ID,LOCAL_ID) VALUES(65,'regionrole:write',21,2,1,1);
INSERT INTO AUTH_PERM(ID,NAME,RESC_ID,OPER_ID,GLOBAL_ID,LOCAL_ID) VALUES(66,'regionrole:create',21,3,1,1);
INSERT INTO AUTH_PERM(ID,NAME,RESC_ID,OPER_ID,GLOBAL_ID,LOCAL_ID) VALUES(67,'regionrole:delete',21,4,1,1);


INSERT INTO AUTH_PERM_ROLE_DEF(PERM_ID,ROLE_DEF_ID) VALUES(1,1);
INSERT INTO AUTH_PERM_ROLE_DEF(PERM_ID,ROLE_DEF_ID) VALUES(1,2);


-- IS_AUTHENTICATED_FULLY
INSERT INTO AUTH_ACCESS(ID,TYPE,VALUE,PERM_ID,PRIORITY,GLOBAL_ID,LOCAL_ID) VALUES(1,'URL','/**',3,9999,1,1);
-- IS_SWITCHED_USER
INSERT INTO AUTH_ACCESS(ID,TYPE,VALUE,PERM_ID,PRIORITY,GLOBAL_ID,LOCAL_ID) VALUES(2,'URL','/common/util/**',5,1,1,1);
-- util
INSERT INTO AUTH_ACCESS(ID,TYPE,VALUE,PERM_ID,PRIORITY,GLOBAL_ID,LOCAL_ID) VALUES(3,'URL','/common/util/**',7,1,1,1);
-- IS_AUTHENTICATED_ANONYMOUSLY
INSERT INTO AUTH_ACCESS(ID,TYPE,VALUE,PERM_ID,PRIORITY,GLOBAL_ID,LOCAL_ID) VALUES(4,'URL','/common/**',2,2,1,1);
-- IS_SWITCHED_USER
INSERT INTO AUTH_ACCESS(ID,TYPE,VALUE,PERM_ID,PRIORITY,GLOBAL_ID,LOCAL_ID) VALUES(5,'URL','/j_spring_security_exit_user',5,3,1,1);
-- IS_SWITCHED_USER
INSERT INTO AUTH_ACCESS(ID,TYPE,VALUE,PERM_ID,PRIORITY,GLOBAL_ID,LOCAL_ID) VALUES(6,'URL','/j_spring_security_switch_user',5,4,1,1);
-- util
INSERT INTO AUTH_ACCESS(ID,TYPE,VALUE,PERM_ID,PRIORITY,GLOBAL_ID,LOCAL_ID) VALUES(7,'URL','/j_spring_security_switch_user',7,4,1,1);
-- user:read
INSERT INTO AUTH_ACCESS(ID,TYPE,VALUE,PERM_ID,PRIORITY,GLOBAL_ID,LOCAL_ID) VALUES(11,'URL','/auth/user-status.do',11,12,1,1);
-- user:write
INSERT INTO AUTH_ACCESS(ID,TYPE,VALUE,PERM_ID,PRIORITY,GLOBAL_ID,LOCAL_ID) VALUES(12,'URL','/auth/user-status!input.do',12,13,1,1);
-- user:write
INSERT INTO AUTH_ACCESS(ID,TYPE,VALUE,PERM_ID,PRIORITY,GLOBAL_ID,LOCAL_ID) VALUES(13,'URL','/auth/user-status!save.do',13,13,1,1);
-- user:auth
INSERT INTO AUTH_ACCESS(ID,TYPE,VALUE,PERM_ID,PRIORITY,GLOBAL_ID,LOCAL_ID) VALUES(14,'URL','/auth/user-status!selectRole.do',16,14,1,1);
-- role:read
INSERT INTO AUTH_ACCESS(ID,TYPE,VALUE,PERM_ID,PRIORITY,GLOBAL_ID,LOCAL_ID) VALUES(15,'URL','/auth/role.do',18,15,1,1);
-- role:write
INSERT INTO AUTH_ACCESS(ID,TYPE,VALUE,PERM_ID,PRIORITY,GLOBAL_ID,LOCAL_ID) VALUES(16,'URL','/auth/role!input.do',19,16,1,1);
-- role:write
INSERT INTO AUTH_ACCESS(ID,TYPE,VALUE,PERM_ID,PRIORITY,GLOBAL_ID,LOCAL_ID) VALUES(17,'URL','/auth/role!save.do',19,17,1,1);
-- role:auth
INSERT INTO AUTH_ACCESS(ID,TYPE,VALUE,PERM_ID,PRIORITY,GLOBAL_ID,LOCAL_ID) VALUES(18,'URL','/auth/role!selectPerm.do',22,18,1,1);
-- perm:read
INSERT INTO AUTH_ACCESS(ID,TYPE,VALUE,PERM_ID,PRIORITY,GLOBAL_ID,LOCAL_ID) VALUES(19,'URL','/auth/perm.do',24,19,1,1);
-- perm:write
INSERT INTO AUTH_ACCESS(ID,TYPE,VALUE,PERM_ID,PRIORITY,GLOBAL_ID,LOCAL_ID) VALUES(20,'URL','/auth/perm!input.do',25,20,1,1);
-- perm:write
INSERT INTO AUTH_ACCESS(ID,TYPE,VALUE,PERM_ID,PRIORITY,GLOBAL_ID,LOCAL_ID) VALUES(21,'URL','/auth/perm!save.do',25,21,1,1);
-- resc:read
INSERT INTO AUTH_ACCESS(ID,TYPE,VALUE,PERM_ID,PRIORITY,GLOBAL_ID,LOCAL_ID) VALUES(22,'URL','/auth/resc.do',29,22,1,1);
-- oper:read
INSERT INTO AUTH_ACCESS(ID,TYPE,VALUE,PERM_ID,PRIORITY,GLOBAL_ID,LOCAL_ID) VALUES(23,'URL','/auth/oper.do',34,23,1,1);
-- IS_AUTHENTICATED_ANONYMOUSLY
INSERT INTO AUTH_ACCESS(ID,TYPE,VALUE,PERM_ID,PRIORITY,GLOBAL_ID,LOCAL_ID) VALUES(24,'URL','/rs/**',2,24,1,1);


INSERT INTO AUTH_USER_ROLE(USER_STATUS_ID,ROLE_ID) VALUES(1,1);

