


INSERT INTO PARTY_TYPE(ID,NAME) VALUES(1,'人员');
INSERT INTO PARTY_TYPE(ID,NAME) VALUES(2,'部门');



INSERT INTO PARTY_ENTITY(ID,TYPE_ID,NAME,REFERENCE) VALUES(1,2,'Mossle科技有限公司',1);
INSERT INTO PARTY_ENTITY(ID,TYPE_ID,NAME,REFERENCE) VALUES(2,2,'市场部',2);
INSERT INTO PARTY_ENTITY(ID,TYPE_ID,NAME,REFERENCE) VALUES(3,2,'财务部',3);
INSERT INTO PARTY_ENTITY(ID,TYPE_ID,NAME,REFERENCE) VALUES(4,2,'人事部',4);
INSERT INTO PARTY_ENTITY(ID,TYPE_ID,NAME,REFERENCE) VALUES(5,2,'研发部',5);
INSERT INTO PARTY_ENTITY(ID,TYPE_ID,NAME,REFERENCE) VALUES(6,2,'平台组',6);
INSERT INTO PARTY_ENTITY(ID,TYPE_ID,NAME,REFERENCE) VALUES(7,2,'OA组',7);
INSERT INTO PARTY_ENTITY(ID,TYPE_ID,NAME,REFERENCE) VALUES(8,1,'Lingo',1);
INSERT INTO PARTY_ENTITY(ID,TYPE_ID,NAME,REFERENCE) VALUES(9,1,'Vivian',2);
INSERT INTO PARTY_ENTITY(ID,TYPE_ID,NAME,REFERENCE) VALUES(10,1,'Steven',3);
INSERT INTO PARTY_ENTITY(ID,TYPE_ID,NAME,REFERENCE) VALUES(11,1,'King',4);
INSERT INTO PARTY_ENTITY(ID,TYPE_ID,NAME,REFERENCE) VALUES(12,1,'John',5);
INSERT INTO PARTY_ENTITY(ID,TYPE_ID,NAME,REFERENCE) VALUES(13,1,'William',6);
INSERT INTO PARTY_ENTITY(ID,TYPE_ID,NAME,REFERENCE) VALUES(14,1,'Adam',7);



INSERT INTO PARTY_STRUCT_TYPE(ID,NAME) VALUES(1,'公司组织结构');
INSERT INTO PARTY_STRUCT_TYPE(ID,NAME) VALUES(2,'部门负责人');



INSERT INTO PARTY_STRUCT_RULE(STRUCT_TYPE_ID,PARENT_TYPE_ID,CHILD_TYPE_ID) VALUES(1,2,2);
INSERT INTO PARTY_STRUCT_RULE(STRUCT_TYPE_ID,PARENT_TYPE_ID,CHILD_TYPE_ID) VALUES(1,2,1);
INSERT INTO PARTY_STRUCT_RULE(STRUCT_TYPE_ID,PARENT_TYPE_ID,CHILD_TYPE_ID) VALUES(2,1,2);



INSERT INTO PARTY_STRUCT(STRUCT_TYPE_ID,PARENT_ENTITY_ID,CHILD_ENTITY_ID) VALUES(1,1,2);
INSERT INTO PARTY_STRUCT(STRUCT_TYPE_ID,PARENT_ENTITY_ID,CHILD_ENTITY_ID) VALUES(1,1,3);
INSERT INTO PARTY_STRUCT(STRUCT_TYPE_ID,PARENT_ENTITY_ID,CHILD_ENTITY_ID) VALUES(1,1,4);
INSERT INTO PARTY_STRUCT(STRUCT_TYPE_ID,PARENT_ENTITY_ID,CHILD_ENTITY_ID) VALUES(1,1,5);
INSERT INTO PARTY_STRUCT(STRUCT_TYPE_ID,PARENT_ENTITY_ID,CHILD_ENTITY_ID) VALUES(1,5,6);
INSERT INTO PARTY_STRUCT(STRUCT_TYPE_ID,PARENT_ENTITY_ID,CHILD_ENTITY_ID) VALUES(1,5,7);

INSERT INTO PARTY_STRUCT(STRUCT_TYPE_ID,PARENT_ENTITY_ID,CHILD_ENTITY_ID) VALUES(1,7,8);
INSERT INTO PARTY_STRUCT(STRUCT_TYPE_ID,PARENT_ENTITY_ID,CHILD_ENTITY_ID) VALUES(1,6,9);
INSERT INTO PARTY_STRUCT(STRUCT_TYPE_ID,PARENT_ENTITY_ID,CHILD_ENTITY_ID) VALUES(1,2,10);
INSERT INTO PARTY_STRUCT(STRUCT_TYPE_ID,PARENT_ENTITY_ID,CHILD_ENTITY_ID) VALUES(1,5,11);
INSERT INTO PARTY_STRUCT(STRUCT_TYPE_ID,PARENT_ENTITY_ID,CHILD_ENTITY_ID) VALUES(1,1,12);
INSERT INTO PARTY_STRUCT(STRUCT_TYPE_ID,PARENT_ENTITY_ID,CHILD_ENTITY_ID) VALUES(1,3,13);
INSERT INTO PARTY_STRUCT(STRUCT_TYPE_ID,PARENT_ENTITY_ID,CHILD_ENTITY_ID) VALUES(1,4,14);

INSERT INTO PARTY_STRUCT(STRUCT_TYPE_ID,PARENT_ENTITY_ID,CHILD_ENTITY_ID) VALUES(2,12,1);
INSERT INTO PARTY_STRUCT(STRUCT_TYPE_ID,PARENT_ENTITY_ID,CHILD_ENTITY_ID) VALUES(2,10,2);
INSERT INTO PARTY_STRUCT(STRUCT_TYPE_ID,PARENT_ENTITY_ID,CHILD_ENTITY_ID) VALUES(2,11,5);


