


INSERT INTO PARTY_TYPE(ID,NAME,SCOPE_ID,USER_REPO_REF) VALUES(1,'人员','1','1');
INSERT INTO PARTY_TYPE(ID,NAME,SCOPE_ID,USER_REPO_REF) VALUES(2,'部门','1','1');



INSERT INTO PARTY_ENTITY(ID,TYPE_ID,NAME,REFERENCE,SCOPE_ID,USER_REPO_REF) VALUES(1,2,'Mossle科技有限公司',1,'1','1');
INSERT INTO PARTY_ENTITY(ID,TYPE_ID,NAME,REFERENCE,SCOPE_ID,USER_REPO_REF) VALUES(2,2,'市场部',2,'1','1');
INSERT INTO PARTY_ENTITY(ID,TYPE_ID,NAME,REFERENCE,SCOPE_ID,USER_REPO_REF) VALUES(3,2,'财务部',3,'1','1');
INSERT INTO PARTY_ENTITY(ID,TYPE_ID,NAME,REFERENCE,SCOPE_ID,USER_REPO_REF) VALUES(4,2,'人事部',4,'1','1');
INSERT INTO PARTY_ENTITY(ID,TYPE_ID,NAME,REFERENCE,SCOPE_ID,USER_REPO_REF) VALUES(5,2,'研发部',5,'1','1');
INSERT INTO PARTY_ENTITY(ID,TYPE_ID,NAME,REFERENCE,SCOPE_ID,USER_REPO_REF) VALUES(6,2,'平台组',6,'1','1');
INSERT INTO PARTY_ENTITY(ID,TYPE_ID,NAME,REFERENCE,SCOPE_ID,USER_REPO_REF) VALUES(7,2,'OA组',7,'1','1');
INSERT INTO PARTY_ENTITY(ID,TYPE_ID,NAME,REFERENCE,SCOPE_ID,USER_REPO_REF) VALUES(8,1,'Lingo',1,'1','1');
INSERT INTO PARTY_ENTITY(ID,TYPE_ID,NAME,REFERENCE,SCOPE_ID,USER_REPO_REF) VALUES(9,1,'Vivian',2,'1','1');
INSERT INTO PARTY_ENTITY(ID,TYPE_ID,NAME,REFERENCE,SCOPE_ID,USER_REPO_REF) VALUES(10,1,'Steven',3,'1','1');
INSERT INTO PARTY_ENTITY(ID,TYPE_ID,NAME,REFERENCE,SCOPE_ID,USER_REPO_REF) VALUES(11,1,'King',4,'1','1');
INSERT INTO PARTY_ENTITY(ID,TYPE_ID,NAME,REFERENCE,SCOPE_ID,USER_REPO_REF) VALUES(12,1,'John',5,'1','1');
INSERT INTO PARTY_ENTITY(ID,TYPE_ID,NAME,REFERENCE,SCOPE_ID,USER_REPO_REF) VALUES(13,1,'William',6,'1','1');
INSERT INTO PARTY_ENTITY(ID,TYPE_ID,NAME,REFERENCE,SCOPE_ID,USER_REPO_REF) VALUES(14,1,'Adam',7,'1','1');



INSERT INTO PARTY_STRUCT_TYPE(ID,NAME,SCOPE_ID,USER_REPO_REF) VALUES(1,'公司组织结构','1','1');
INSERT INTO PARTY_STRUCT_TYPE(ID,NAME,SCOPE_ID,USER_REPO_REF) VALUES(2,'部门负责人','1','1');



INSERT INTO PARTY_STRUCT_RULE(STRUCT_TYPE_ID,PARENT_TYPE_ID,CHILD_TYPE_ID,SCOPE_ID,USER_REPO_REF) VALUES(1,2,2,'1','1');
INSERT INTO PARTY_STRUCT_RULE(STRUCT_TYPE_ID,PARENT_TYPE_ID,CHILD_TYPE_ID,SCOPE_ID,USER_REPO_REF) VALUES(1,2,1,'1','1');
INSERT INTO PARTY_STRUCT_RULE(STRUCT_TYPE_ID,PARENT_TYPE_ID,CHILD_TYPE_ID,SCOPE_ID,USER_REPO_REF) VALUES(2,1,2,'1','1');



INSERT INTO PARTY_STRUCT(STRUCT_TYPE_ID,PARENT_ENTITY_ID,CHILD_ENTITY_ID,SCOPE_ID,USER_REPO_REF) VALUES(1,1,2,'1','1');
INSERT INTO PARTY_STRUCT(STRUCT_TYPE_ID,PARENT_ENTITY_ID,CHILD_ENTITY_ID,SCOPE_ID,USER_REPO_REF) VALUES(1,1,3,'1','1');
INSERT INTO PARTY_STRUCT(STRUCT_TYPE_ID,PARENT_ENTITY_ID,CHILD_ENTITY_ID,SCOPE_ID,USER_REPO_REF) VALUES(1,1,4,'1','1');
INSERT INTO PARTY_STRUCT(STRUCT_TYPE_ID,PARENT_ENTITY_ID,CHILD_ENTITY_ID,SCOPE_ID,USER_REPO_REF) VALUES(1,1,5,'1','1');
INSERT INTO PARTY_STRUCT(STRUCT_TYPE_ID,PARENT_ENTITY_ID,CHILD_ENTITY_ID,SCOPE_ID,USER_REPO_REF) VALUES(1,5,6,'1','1');
INSERT INTO PARTY_STRUCT(STRUCT_TYPE_ID,PARENT_ENTITY_ID,CHILD_ENTITY_ID,SCOPE_ID,USER_REPO_REF) VALUES(1,5,7,'1','1');

INSERT INTO PARTY_STRUCT(STRUCT_TYPE_ID,PARENT_ENTITY_ID,CHILD_ENTITY_ID,SCOPE_ID,USER_REPO_REF) VALUES(1,7,8,'1','1');
INSERT INTO PARTY_STRUCT(STRUCT_TYPE_ID,PARENT_ENTITY_ID,CHILD_ENTITY_ID,SCOPE_ID,USER_REPO_REF) VALUES(1,6,9,'1','1');
INSERT INTO PARTY_STRUCT(STRUCT_TYPE_ID,PARENT_ENTITY_ID,CHILD_ENTITY_ID,SCOPE_ID,USER_REPO_REF) VALUES(1,2,10,'1','1');
INSERT INTO PARTY_STRUCT(STRUCT_TYPE_ID,PARENT_ENTITY_ID,CHILD_ENTITY_ID,SCOPE_ID,USER_REPO_REF) VALUES(1,5,11,'1','1');
INSERT INTO PARTY_STRUCT(STRUCT_TYPE_ID,PARENT_ENTITY_ID,CHILD_ENTITY_ID,SCOPE_ID,USER_REPO_REF) VALUES(1,1,12,'1','1');
INSERT INTO PARTY_STRUCT(STRUCT_TYPE_ID,PARENT_ENTITY_ID,CHILD_ENTITY_ID,SCOPE_ID,USER_REPO_REF) VALUES(1,3,13,'1','1');
INSERT INTO PARTY_STRUCT(STRUCT_TYPE_ID,PARENT_ENTITY_ID,CHILD_ENTITY_ID,SCOPE_ID,USER_REPO_REF) VALUES(1,4,14,'1','1');

INSERT INTO PARTY_STRUCT(STRUCT_TYPE_ID,PARENT_ENTITY_ID,CHILD_ENTITY_ID,SCOPE_ID,USER_REPO_REF) VALUES(2,12,1,'1','1');
INSERT INTO PARTY_STRUCT(STRUCT_TYPE_ID,PARENT_ENTITY_ID,CHILD_ENTITY_ID,SCOPE_ID,USER_REPO_REF) VALUES(2,10,2,'1','1');
INSERT INTO PARTY_STRUCT(STRUCT_TYPE_ID,PARENT_ENTITY_ID,CHILD_ENTITY_ID,SCOPE_ID,USER_REPO_REF) VALUES(2,11,5,'1','1');


