

INSERT INTO AUTH_USER_STATUS(ID,USERNAME,PASSWORD,STATUS,REF,USER_REPO_REF,TENANT_ID) VALUES(1,'lingo','1',1,1,'1','1');
INSERT INTO AUTH_USER_STATUS(ID,USERNAME,PASSWORD,STATUS,REF,USER_REPO_REF,TENANT_ID) VALUES(2,'vivian','1',1,2,'1','1');
INSERT INTO AUTH_USER_STATUS(ID,USERNAME,PASSWORD,STATUS,REF,USER_REPO_REF,TENANT_ID) VALUES(3,'steven','1',1,3,'1','1');
INSERT INTO AUTH_USER_STATUS(ID,USERNAME,PASSWORD,STATUS,REF,USER_REPO_REF,TENANT_ID) VALUES(4,'king','1',1,4,'1','1');
INSERT INTO AUTH_USER_STATUS(ID,USERNAME,PASSWORD,STATUS,REF,USER_REPO_REF,TENANT_ID) VALUES(5,'john','1',1,5,'1','1');
INSERT INTO AUTH_USER_STATUS(ID,USERNAME,PASSWORD,STATUS,REF,USER_REPO_REF,TENANT_ID) VALUES(6,'william','1',1,6,'1','1');
INSERT INTO AUTH_USER_STATUS(ID,USERNAME,PASSWORD,STATUS,REF,USER_REPO_REF,TENANT_ID) VALUES(7,'adam','1',1,7,'1','1');


INSERT INTO AUTH_ROLE_DEF(ID,NAME,TENANT_ID) VALUES(1,'超级管理员','1');
INSERT INTO AUTH_ROLE_DEF(ID,NAME,TENANT_ID) VALUES(2,'系统管理员','1');


INSERT INTO AUTH_ROLE(ID,NAME,TENANT_ID,ROLE_DEF_ID) VALUES(1,'超级管理员',1,'1');
INSERT INTO AUTH_ROLE(ID,NAME,TENANT_ID,ROLE_DEF_ID) VALUES(2,'系统管理员',1,'2');


INSERT INTO AUTH_PERM_TYPE(ID,NAME,TYPE,PRIORITY,DESCN,TENANT_ID) VALUES(1,'默认',1,0,NULL,'1');
INSERT INTO AUTH_PERM_TYPE(ID,NAME,TYPE,PRIORITY,DESCN,TENANT_ID) VALUES(2,'系统',0,1,NULL,'1');
INSERT INTO AUTH_PERM_TYPE(ID,NAME,TYPE,PRIORITY,DESCN,TENANT_ID) VALUES(3,'用户',0,2,NULL,'1');
INSERT INTO AUTH_PERM_TYPE(ID,NAME,TYPE,PRIORITY,DESCN,TENANT_ID) VALUES(4,'组织机构',0,3,NULL,'1');
INSERT INTO AUTH_PERM_TYPE(ID,NAME,TYPE,PRIORITY,DESCN,TENANT_ID) VALUES(5,'权限',0,4,NULL,'1');
INSERT INTO AUTH_PERM_TYPE(ID,NAME,TYPE,PRIORITY,DESCN,TENANT_ID) VALUES(6,'数据权限',0,5,NULL,'1');
INSERT INTO AUTH_PERM_TYPE(ID,NAME,TYPE,PRIORITY,DESCN,TENANT_ID) VALUES(7,'流程',0,6,NULL,'1');
INSERT INTO AUTH_PERM_TYPE(ID,NAME,TYPE,PRIORITY,DESCN,TENANT_ID) VALUES(8,'表单',0,7,NULL,'1');
INSERT INTO AUTH_PERM_TYPE(ID,NAME,TYPE,PRIORITY,DESCN,TENANT_ID) VALUES(9,'后台',0,8,NULL,'1');


INSERT INTO AUTH_PERM(ID,CODE,NAME,PERM_TYPE_ID,TENANT_ID) VALUES(1,'*','所有权限',1,'1');
INSERT INTO AUTH_PERM(ID,CODE,NAME,PERM_TYPE_ID,TENANT_ID) VALUES(2,'IS_GUEST','游客',1,'1');
INSERT INTO AUTH_PERM(ID,CODE,NAME,PERM_TYPE_ID,TENANT_ID) VALUES(3,'IS_USER','用户',1,'1');
INSERT INTO AUTH_PERM(ID,CODE,NAME,PERM_TYPE_ID,TENANT_ID) VALUES(4,'IS_LOGINED','登录',1,'1');
INSERT INTO AUTH_PERM(ID,CODE,NAME,PERM_TYPE_ID,TENANT_ID) VALUES(5,'IS_SWITCHED','切换身份',1,'1');
INSERT INTO AUTH_PERM(ID,CODE,NAME,PERM_TYPE_ID,TENANT_ID) VALUES(6,'IS_REMEMBERED','自动登录',1,'1');

INSERT INTO AUTH_PERM(ID,CODE,NAME,PERM_TYPE_ID,TENANT_ID) VALUES(21,'util','工具',2,'1');
INSERT INTO AUTH_PERM(ID,CODE,NAME,PERM_TYPE_ID,TENANT_ID) VALUES(22,'userrepo','用户体系',2,'1');
INSERT INTO AUTH_PERM(ID,CODE,NAME,PERM_TYPE_ID,TENANT_ID) VALUES(23,'scope','应用管理',2,'1');

INSERT INTO AUTH_PERM(ID,CODE,NAME,PERM_TYPE_ID,TENANT_ID) VALUES(31,'userattr','属性管理',3,'1');
INSERT INTO AUTH_PERM(ID,CODE,NAME,PERM_TYPE_ID,TENANT_ID) VALUES(32,'userinfo','维护用户信息',3,'1');

INSERT INTO AUTH_PERM(ID,CODE,NAME,PERM_TYPE_ID,TENANT_ID) VALUES(41,'groupstruct','结构管理',4,'1');
INSERT INTO AUTH_PERM(ID,CODE,NAME,PERM_TYPE_ID,TENANT_ID) VALUES(42,'groupinfo','维护组织信息',4,'1');

INSERT INTO AUTH_PERM(ID,CODE,NAME,PERM_TYPE_ID,TENANT_ID) VALUES(51,'authconf','权限管理',5,'1');
INSERT INTO AUTH_PERM(ID,CODE,NAME,PERM_TYPE_ID,TENANT_ID) VALUES(52,'role','角色管理',5,'1');
INSERT INTO AUTH_PERM(ID,CODE,NAME,PERM_TYPE_ID,TENANT_ID) VALUES(53,'userstatus','用户权限',5,'1');

INSERT INTO AUTH_PERM(ID,CODE,NAME,PERM_TYPE_ID,TENANT_ID) VALUES(61,'acl','数据权限',6,'1');

INSERT INTO AUTH_PERM(ID,CODE,NAME,PERM_TYPE_ID,TENANT_ID) VALUES(71,'bpm','流程管理',7,'1');

INSERT INTO AUTH_PERM(ID,CODE,NAME,PERM_TYPE_ID,TENANT_ID) VALUES(81,'form','表单管理',8,'1');

INSERT INTO AUTH_PERM(ID,CODE,NAME,PERM_TYPE_ID,TENANT_ID) VALUES(91,'admin','后台管理',9,'1');


INSERT INTO AUTH_PERM_ROLE_DEF(PERM_ID,ROLE_DEF_ID) VALUES(1,1);
INSERT INTO AUTH_PERM_ROLE_DEF(PERM_ID,ROLE_DEF_ID) VALUES(22,2);
INSERT INTO AUTH_PERM_ROLE_DEF(PERM_ID,ROLE_DEF_ID) VALUES(23,2);
INSERT INTO AUTH_PERM_ROLE_DEF(PERM_ID,ROLE_DEF_ID) VALUES(31,2);
INSERT INTO AUTH_PERM_ROLE_DEF(PERM_ID,ROLE_DEF_ID) VALUES(32,2);
INSERT INTO AUTH_PERM_ROLE_DEF(PERM_ID,ROLE_DEF_ID) VALUES(41,2);
INSERT INTO AUTH_PERM_ROLE_DEF(PERM_ID,ROLE_DEF_ID) VALUES(42,2);
INSERT INTO AUTH_PERM_ROLE_DEF(PERM_ID,ROLE_DEF_ID) VALUES(51,2);
INSERT INTO AUTH_PERM_ROLE_DEF(PERM_ID,ROLE_DEF_ID) VALUES(52,2);
INSERT INTO AUTH_PERM_ROLE_DEF(PERM_ID,ROLE_DEF_ID) VALUES(53,2);
INSERT INTO AUTH_PERM_ROLE_DEF(PERM_ID,ROLE_DEF_ID) VALUES(61,2);
INSERT INTO AUTH_PERM_ROLE_DEF(PERM_ID,ROLE_DEF_ID) VALUES(71,2);
INSERT INTO AUTH_PERM_ROLE_DEF(PERM_ID,ROLE_DEF_ID) VALUES(81,2);
INSERT INTO AUTH_PERM_ROLE_DEF(PERM_ID,ROLE_DEF_ID) VALUES(91,2);


-- IS_AUTHENTICATED_FULLY
INSERT INTO AUTH_ACCESS(ID,TYPE,VALUE,PERM_ID,PRIORITY,TENANT_ID) VALUES(1,'URL','/**',3,9999,'1');
-- IS_SWITCHED_USER
INSERT INTO AUTH_ACCESS(ID,TYPE,VALUE,PERM_ID,PRIORITY,TENANT_ID) VALUES(2,'URL','/common/util/**',5,1,'1');
-- util
INSERT INTO AUTH_ACCESS(ID,TYPE,VALUE,PERM_ID,PRIORITY,TENANT_ID) VALUES(3,'URL','/common/util/**',21,1,'1');
-- IS_AUTHENTICATED_ANONYMOUSLY
INSERT INTO AUTH_ACCESS(ID,TYPE,VALUE,PERM_ID,PRIORITY,TENANT_ID) VALUES(4,'URL','/common/**',2,2,'1');
-- IS_SWITCHED_USER
INSERT INTO AUTH_ACCESS(ID,TYPE,VALUE,PERM_ID,PRIORITY,TENANT_ID) VALUES(5,'URL','/j_spring_security_exit_user',5,3,'1');
-- IS_SWITCHED_USER
INSERT INTO AUTH_ACCESS(ID,TYPE,VALUE,PERM_ID,PRIORITY,TENANT_ID) VALUES(6,'URL','/j_spring_security_switch_user',5,4,'1');
-- util
INSERT INTO AUTH_ACCESS(ID,TYPE,VALUE,PERM_ID,PRIORITY,TENANT_ID) VALUES(7,'URL','/j_spring_security_switch_user',21,4,'1');
-- IS_AUTHENTICATED_ANONYMOUSLY
INSERT INTO AUTH_ACCESS(ID,TYPE,VALUE,PERM_ID,PRIORITY,TENANT_ID) VALUES(8,'URL','/rs/**',2,5,'1');

-- userrepo
INSERT INTO AUTH_ACCESS(ID,TYPE,VALUE,PERM_ID,PRIORITY,TENANT_ID) VALUES(11,'URL','/user/user-repo*',22,11,'1');
-- scope
INSERT INTO AUTH_ACCESS(ID,TYPE,VALUE,PERM_ID,PRIORITY,TENANT_ID) VALUES(12,'URL','/scope/**',23,12,'1');


INSERT INTO AUTH_USER_ROLE(USER_STATUS_ID,ROLE_ID) VALUES(2,1);

